job_id,source_job_id,job_name,description_short
JT0001,1,豆腐製造、豆腐職人,豆腐店やメーカーの工場で、豆腐、油揚げ、生揚げ（厚揚げ）などを作る。
JT0002,2,パン製造、パン職人,製パン工場や個人経営店（ホームベーカリー）でパンを製造する。
JT0003,3,洋菓子製造、パティシエ,洋菓子店や菓子工場で洋菓子を製造する。
JT0004,4,和菓子製造、和菓子職人,和菓子店で各種の和菓子を製造する。
JT0005,5,乳製品製造,牛乳、ヨーグルト、バター、チーズなどの乳製品を製造する。
JT0006,6,水産ねり製品製造,かまぼこやちくわ等の水産ねり製品を製造する。
JT0007,7,冷凍加工食品製造,冷凍加工食品の製造工場で、冷凍加工食品を製造する。
JT0008,8,惣菜製造,百貨店やスーパーマーケット、コンビニエンスストアなどで販売する各種惣菜を製造す…
JT0009,9,清酒製造,酒蔵（酒造工場）で清酒づくりに従事する。
JT0010,10,みそ製造,米や麦などから麹（こうじ）をつくり、蒸した大豆に麹と塩を混ぜて発酵させ、さまざ…
JT0011,11,しょうゆ製造,しょうゆ（醤油）工場において、しょうゆを製造する。
JT0012,12,ハム・ソーセージ・ベーコン製造,原料肉を分割・整形した後、塩づけ、くん煙などの加工をして、ハム・ソーセージ・ベ…
JT0013,13,ワイン製造,ブドウからワインを醸造する作業に従事する。
JT0014,14,ビール製造,ビール醸造所（ブルワリー）において、ビールの製造に従事する。
JT0015,15,かん詰・びん詰・レトルト食品製造,かん詰食品、びん詰食品、レトルト食品を製造する。
JT0016,16,野菜つけ物製造,野菜を材料にしたつけ物を製造するため、材料の選別、洗浄、カット、漬け込み、塩抜…
JT0017,17,陶磁器製造,茶碗や皿などの食器、タイルや洗面台、トイレの便器などの日用品など、陶磁器製品を…
JT0018,18,ガラス食器製造,毎日の生活で使われるコップや皿などガラス製の食器を成形する。
JT0019,19,プラスチック成形,プラスチックに熱を加えて成形機で成形し、さまざまな製品を作る。
JT0020,20,建築設計技術者,住宅・学校・オフィスビル・工場・ホテルなどの建築物について調査・設計を行う。
JT0021,21,建築施工管理技術者,住宅・学校・オフィスビル・工場などの建築現場において、施工が適正かつ計画どおり…
JT0022,22,土木設計技術者,橋、道路、鉄道、ダム、トンネルなど土木工事を進めるにあたって、調査・計画・設計…
JT0023,23,土木施工管理技術者,橋梁、道路、鉄道、ダムなどの土木工事において、現場での施工（せこう）計画を立案…
JT0024,24,測量士,土木・建築工事にあたり、土地の位置・形状を正確に測量する。
JT0025,25,CADオペレーター,CAD ソフトを操作し、様々な設計図を作成する。
JT0026,26,大工,一般住宅、とりわけ木造住宅の新築や増改築の計画、構造施工の中核的な作業を行う。
JT0027,27,型枠大工,鉄筋コンクリートの鋳型の役割を果たす型枠を作り、工事現場で組み立てる。
JT0028,28,鉄筋工,鉄筋コンクリート構造物の骨組みとなるかご状の鉄筋を加工して組み立てる。
JT0029,29,鉄骨工,高層ビルをはじめ大規模な建築物や構造物を支える鉄骨を工場で製作する。
JT0030,30,とび,住宅やビル、橋梁、高速道路、ダムなどの工事に伴う足場など仮設構造物の建て方、解…
JT0031,31,建設機械オペレーター,建設工事の現場で工事用機械や車両の運転・管理を行う。
JT0032,32,建設・土木作業員,建設現場や土木作業現場において、建設機械では対応できない細部の作業や機械化が困…
JT0033,33,潜水士,潜水具を着用して水中に潜り、海底や川底の調査や測量、護岸や防波堤の建設工事、船…
JT0035,35,さく井工/ボーリング工,掘削機などを操作して地下に向かって穴を掘削し、井戸、温泉、油井などを掘る。
JT0036,36,舗装工,道路工事現場でアスファルトやコンクリートで舗装を行い、標識を取り付け、路面に区…
JT0037,37,ブロック積み,建築用コンクリートブロックをモルタルや鉄筋を使って積み上げ、壁や塀（へい）・建…
JT0038,38,タイル工,建物の床・壁などにタイルを張り付け、表面仕上げを行う。
JT0039,39,左官,こて、ブラシ、吹き付け器を使用して、建物の壁、天井、仕切りに自然素材の塗装をす…
JT0040,40,建築板金,銅や鉄などの薄い金属板を使って屋根をふく（葺く）仕事等に携わる。
JT0041,41,サッシ取付,建築物の開口部に「窓」や「扉」などのサッシを取り付ける作業を専門に行う。
JT0042,42,内装工,建物の室内を快適な居住空間とするため、床、天井・壁などの内装の仕上げを行う。
JT0043,43,建築塗装工,建築物の外部や内部に塗料を塗って美しく彩り、日光や雨、湿気、大気汚染などで傷ん…
JT0044,44,防水工,建物の仕上げ職種の一つであり、屋根などの防水工事において防水層をつくる作業を行…
JT0045,45,保温工事,建築物の冷暖房装置のダクトや給排水装置の配管などに断熱材をとりつける。
JT0046,46,電気工事士,建物内で、電線を配線し、電気を利用するための設備を設置する。
JT0047,47,配管工,給水管、排水管、ガス管、冷暖房換気設備、消火設備、排水処理施設、空気清浄装置な…
JT0048,48,エレベーター据付,エレベーターの機器類を組み合わせ、所定の位置に据付け、安全に運転できるようにす…
JT0049,49,鉄道線路管理,列車事故を未然に防ぐため、線路を巡回検査し、必要に応じて修理を行い、一定の整備…
JT0050,50,送電線工事,架空送電線の架設、敷設、接続の作業を行う。
JT0051,51,解体工,既存の建築物や工作物を道具や機械を用いて取り壊し（解体工事）、特定の建材につい…
JT0052,52,ホテル・旅館支配人,旅館やホテルの運営を統括し、お客へのサービスと売上げ利益の向上を図る。
JT0053,53,銀行支店長,金融機関の支店全体の運営管理と業務活動の立案・推進をする。
JT0054,54,デパート店員,デパートの売場に立ち、お客の要望を聞きながら数々の商品に関する説明を行い、アド…
JT0055,55,スーパー店長,食料品や家庭用品など、日常生活で必要となる様々な品物を扱うスーパーで、商品の管…
JT0056,56,スーパーレジ係,スーパーなどのレジカウンターで買い上げ品の代金を計算し、商品と代金の受け渡しを…
JT0057,57,スーパー店員,スーパーで、お客が買い物しやすいように、食料品、衣類、日用品などの商品を適切に…
JT0058,58,商社営業,国や地域、会社の間に立って、原材料や製品の売り買いの仲介役をする。
JT0059,59,住宅・不動産営業,住宅・土地の購入あるいは売却・賃貸を考えている顧客に接し、様々な要望に応えなが…
JT0060,60,自動車営業,自動車メーカー別の販売会社（ディーラー）で、顧客の好みに合わせて自社の自動車を…
JT0061,61,広告営業,広告会社で広告企画を立てて広告主に働きかけ、受注から計画、実施、代金の回収まで…
JT0062,62,印刷営業,印刷物の作成において、顧客から原稿や注文を受け、それを印刷加工して書籍やパンフ…
JT0063,63,医薬情報担当者（MR）,製薬会社に勤務し、自社の医薬品を中心に、医療従事者に対し、医薬品の効果、使い方…
JT0064,64,コールセンターオペレーター,「お客様の声」がダイレクトに寄せられるコールセンターで、主に電話を通じてお客と…
JT0065,65,せり人,卸売市場において生鮮食料品などの「せり」を行い、市場内の卸売業者と仲卸業者・売…
JT0066,66,フラワーショップ店員,フラワーショップで、顧客の要望に応えながら生花を販売する。
JT0067,67,電器店店員,電器店で家庭用電気製品の販売や設置、アフターサービスなどを行う。
JT0068,68,書店員,書店で新刊書籍や雑誌のレイアウトや販売、取次との連絡業務を行う。
JT0069,69,メガネ販売,メガネ店で来店客の視力を測定し、顧客に合った商品の選定・加工を行う。
JT0070,70,スポーツ用品販売,スポーツ店において、競技や趣味としてスポーツを楽しむ人たちのために、様々なスポ…
JT0071,71,ホームセンター店員,ホームセンターでDIY（Do IT Yourself）用品、住関連商品を販売す…
JT0072,72,ペットショップ店員,ペットショップで、ペットや、ペットに関する様々な用具・用品を販売するほか、ペッ…
JT0073,73,衣料品販売,洋服を中心とする服飾用品雑貨を販売する。
JT0074,74,検針員,担当地域の顧客を戸別に巡回して、水道、電気、ガスなどのメーターの数字を読み取っ…
JT0075,75,フランチャイズチェーン・スーパーバイザー,フランチャイズチェーン本部のスタッフとして加盟店を定期的に巡回し加盟店への経営…
JT0076,76,シューフィッター,靴専門店や百貨店などの靴売場で、お客の足型を計測し、足の病気予防の観点から、最…
JT0077,77,駅構内売店店員,駅の構内やホームの売店で、新聞、雑誌、タバコ、飲食物などを販売する。
JT0078,78,コンビニエンスストア店員,24時間営業店などコンビニエンスストアで、商品を販売したり、各種のサービスを提…
JT0079,79,ベーカリーショップ店員,ベーカリーショップでパンを販売する。
JT0080,80,中小企業診断士,中小企業の経営者等からの依頼に応じて、企業の経営内容を診断し、改善方法を提案し…
JT0081,81,経営コンサルタント,企業に対して、経営戦略、組織・人事戦略、マーケティング、業務改善などを提案し、…
JT0082,82,ファイナンシャル・プランナー,相談者の生活設計、貯蓄計画、投資、保険など、総合的な資産設計（ファイナンシャル…
JT0083,83,社会保険労務士,企業などの依頼により労働社会保険の手続きなどを代行するとともに労務管理などの相…
JT0084,84,司法書士,専門的な法律知識に基づき、不動産や会社の登記を代理で行ったり、裁判所等に提出す…
JT0085,85,行政書士,個人や事業主の依頼を受けて、県庁や市町村役場、警察署など官公署に提出する書類を…
JT0086,86,土地家屋調査士,国の機関である法務局の「登記簿」の表題部の記載事項について、登記の申請手続を行…
JT0087,87,翻訳者,文学作品や学術書、ニュース、法律文書等の様々な文章について、外国語を日本語に、…
JT0088,88,通訳者,異なる言語を使う人たちの間に入り、話されている言語を相手方の話し言葉に訳し、相…
JT0089,89,弁護士,法律の専門知識を活かして民事事件、刑事事件を扱い、依頼者の利益を守り紛争を解決…
JT0090,90,公認会計士,企業などからの依頼を受け、財務書類を監査し、企業の会計が適正に行われているか監…
JT0091,91,弁理士,知的財産に関する専門知識を活かし、特許庁への手続き等をはじめ企業の産業財産権全…
JT0092,92,税理士,企業や個人の依頼により、所得税、法人税、住民税などの税金についての相談を受けた…
JT0093,93,不動産鑑定士,不動産鑑定評価基準に基づいて土地や建物の経済的価値を判断し、適正な価格を決める。
JT0094,94,気象予報士,気象会社や放送局に勤務し、様々な気象観測データや数値予報資料を元に総合的に解析…
JT0095,95,ビル施設管理,オフィスビルや商業ビルなどにおいて、電力設備、空調設備、給排水設備などの運転・…
JT0096,96,駐車場管理,駐車場に駐車する車の出入り・配置などを管理し、利用者の車を安全に保管する。
JT0097,97,ビル清掃,オフィスビルをはじめ、店舗、学校、病院など、様々な建物の清掃を行う。
JT0098,98,鉄道車両清掃,定期的に各種車両の外部や内部を清掃し、座席のカバーを取り替える。
JT0099,99,西洋料理調理人（コック）,ホテルのレストランや西洋料理専門店で、フランス料理などの洋食料理を、味だけでな…
JT0100,100,日本料理調理人（板前）,会席料理や懐石料理、天ぷら料理、うなぎ料理、ふぐ料理などの日本料理を調理する。
JT0101,101,すし職人,すし店でお客に提供するためにすしを調理する。
JT0102,102,そば・うどん調理人,お客に提供するためにそばやうどんを調理する。
JT0103,103,中華料理調理人,北京・広東・上海・四川などに代表される中華料理の調理を行う。
JT0104,104,ハンバーガーショップ店長,ハンバーガーショップで提供する商品の味、品質、サービスの維持・管理、販売促進、…
JT0105,105,カフェ店員,カフェにおいてコーヒーなどの飲み物や軽食の調理・提供、レジ、店内清掃などを行う。
JT0106,106,ソムリエ,ワインを中心とする飲料のスペシャリストとして、ホテルやレストランでワインの仕入…
JT0107,107,バーテンダー,バー、パブなどのカウンターでお客の注文に応じて、カクテルを作ったり、その他の酒…
JT0108,108,ラーメン調理人,ラーメン専門店などでラーメンの材料を準備し調理を行う。
JT0109,109,旅行会社カウンター係,支店や営業所において、「パッケージツアー」や「手配旅行」をお客のニーズに合わせ…
JT0110,110,ツアーコンダクター,団体旅行に同行して、予定通りの旅行ができるよう、また、参加者が快適な旅を楽しめ…
JT0111,111,観光バスガイド,観光バスにおいて、お客と一緒にバスに乗り、旅の案内や説明などをする。
JT0112,112,遊園地スタッフ,遊園地で、アトラクションの設備・機器の運転・保守、案内、販売、清掃など各種の業…
JT0113,113,キャディ,ゴルフ場でプレーヤーと一緒にコースをまわり、スムーズにプレーが進むように手助け…
JT0114,114,通訳ガイド,来日した外国人に付き添い、外国語を用いて、旅行に関する案内をする。
JT0115,115,理容師,顧客の要望に合わせて、ヘアカット、顔そりなどを行って、容姿を整える。
JT0116,116,美容師,カット、パーマ、カラーリング（毛染め）、化粧などの技術を使い、美しいヘアファッ…
JT0117,117,エステティシャン,顔や身体の手入れなどの「全身美容」を行う。
JT0118,118,メイクアップアーティスト,メイクアップやヘアセットの技術を駆使して、個性やイメージを表現し、人をより美し…
JT0119,119,クリーニング師,クリーニング店やクリーニング工場において、衣類、皮革製品や特殊素材などのクリー…
JT0120,120,スポーツインストラクター,健康志向から競技志向までの様々な目的を持った人に対して、運動・スポーツの実技を…
JT0121,121,自動車教習指導員,自動車教習所で、法律に定められたカリキュラムに沿って自動車の安全運転に必要な技…
JT0122,122,音楽教室講師,ピアノ、バイオリン、フルート、ギターなど各種の楽器を自分で演奏できるようになり…
JT0123,123,ビデオレンタル店店員,ビデオレンタル店で、映画やドラマなどのDVD、ブルーレイ、音楽CDなどの貸出と…
JT0124,124,レンタカー店舗スタッフ,レンタカーの営業所で、自動車を貸し出す際の接客、車両の点検、車両の掃除などを行…
JT0125,125,ブライダルコーディネーター,結婚式を予定しているお客に対して、挙式の相談にのり、企画・提案、費用の見積りを…
JT0126,126,家政婦（夫）,主に個人の家庭で掃除、洗濯、買い物、料理などの家事全般を行う。
JT0127,127,ピアノ調律師,ピアノの構造や性質等を踏まえピアノの音の調節を行う。
JT0128,128,ネイリスト,爪の施術を通して爪を整え美しく装う。
JT0129,129,児童相談所相談員,心理学や社会福祉などの専門的な立場から、児童相談所において子どもとその家庭が抱…
JT0130,130,福祉事務所ケースワーカー,病気や高齢、貧困などで生活に困っている人々に対し、福祉事務所で一人ひとりの問題…
JT0131,131,保育士,専門的知識及び技術をもって、子どもの保育を行うとともに、保護者に対し子育てに関…
JT0132,132,介護支援専門員/ケアマネジャー,介護を必要とする人にニーズに応じた介護サービスを提供するために、現状の調査やサ…
JT0133,133,訪問介護員/ホームヘルパー,要介護認定を受けている高齢者や、障害支援区分の認定を受けている障害のある人の居…
JT0134,134,施設介護員,高齢者や、障害があり自立して日常生活を送ることが困難な人など、社会福祉施設に入…
JT0135,135,手話通訳者,手話などを用いて、聴覚障害者と聞こえる人とのコミュニケーションを可能にし、生活…
JT0136,136,キャリアカウンセラー/キャリアコンサルタント,相談者の職業の選択、職業生活の設計、職業能力の開発・向上に関する相談に応じ、助…
JT0137,137,福祉用具専門相談員,車椅子や特殊ベッドなどの福祉用具の貸与サービス・販売を行う事業所に勤務し、利用…
JT0138,138,国家公務員（行政事務）,中央省庁や出先機関に勤務し、行政機関が国民の生活のために実施する、それぞれの行…
JT0139,139,地方公務員（行政事務）,地方自治体に勤務し、地方自治体が住民のために行っている事業に関する行政施策の企…
JT0140,140,警察官（都道府県警察）,個人の生命、身体及び財産の保護、犯罪の予防、鎮圧及び捜査、被疑者の逮捕、交通の…
JT0141,141,海上保安官,海洋や港湾を巡視船や航空機を使って監視し、治安と安全の維持につとめ、環境保全の…
JT0142,142,麻薬取締官,特別司法警察員として、非合法に取引されている薬物の取締り、中毒者対策、薬物乱用…
JT0143,143,入国警備官,不法入国者、不法残留者、不法就労等の在留目的外の活動を行う者など法に違反する疑…
JT0144,144,裁判官,裁判所に訴えられる様々な事件について、憲法及び法律に基づいて判断を行う。
JT0145,145,検察官,捜査の上で、被疑者を起訴するか否かを決定し、起訴した事件について公判で立証して…
JT0146,146,家庭裁判所調査官,行動科学等の専門的な知見や技法を活用して、家庭内の紛争解決や非行少年の立ち直り…
JT0147,147,法務教官,主に少年院及び少年鑑別所に勤務し、収容されている少年に対し、社会生活への適応や…
JT0148,148,刑務官,刑務所や少年刑務所、拘置所に収容されている者に対し、日常生活の指導、職業訓練指…
JT0149,149,税務事務官,納税者が提出した申告書の審査、確定した税金の管理・徴収の事務、税務調査などを行…
JT0150,150,外務公務員（外交官）,政治、経済、文化、社会などあらゆる分野において、日本の国益と国際的な共通利益の…
JT0151,151,国際公務員,国際機関に所属し、国際社会の平和と安全の維持、開発、貿易、環境、人権など、国際…
JT0152,152,陸上自衛官,日本の平和と安全を保つため、外国の侵略を未然に防止し、万一侵略があった場合に対…
JT0153,153,海上自衛官,海上からの侵略に対して国土を防衛するとともに、日本の周辺海域における海上交通の…
JT0154,154,航空自衛官,平時から有事まで日本の空の安全を担い、侵入してくる航空機等に対して防衛にあたる。
JT0155,155,消防官,火災や交通事故、地震、水害などのさまざまな災害現場に急行し、火災の消火や人命救…
JT0156,156,看護師,「診療の補助」と「療養上の世話」を通じて、病気やけがの治療を受ける人々や介護を…
JT0157,157,助産師,出産の介助、妊産婦の相談、妊娠から産後までの母子の保健指導を行う。
JT0158,158,薬剤師,薬学の専門家として、病院や薬局などで薬の調合や服薬指導、管理などを行う。
JT0159,159,歯科医師,虫歯や歯のまわりの病気を治療するとともに予防指導にあたる。
JT0160,160,保健師,地域住民の健康を守るために家庭訪問、巡回指導、講習会などにより、保健衛生に関す…
JT0161,161,臨床検査技師,医師又は歯科医師の指示の下に、主に医療機関で臨床検査を行う。
JT0162,162,細胞検査士,疾患に関連する細胞や病原体を発見するため、患者から採取した組織を検査する。
JT0163,163,診療放射線技師,医療の現場で医師・歯科医師の指示に基づいて、放射線による検査や、治療等に携わる。
JT0164,164,臨床工学技士,医師の指示のもと、人工呼吸器・人工透析装置・人工心肺などの生命維持管理装置の操…
JT0165,165,歯科技工士,歯科医師の指示にしたがって、人工的な歯を作ったり、修繕したりする。
JT0166,166,歯科衛生士,歯科医師の直接指導の下に、虫歯や歯周疾患など歯や歯ぐきの病気の予防処置、歯科医…
JT0167,167,理学療法士（PT）,医師の指示の下、身体に障害がある人等の身体運動機能の回復や維持・向上を図り、自…
JT0168,168,作業療法士（OT）,身体や精神に障害がある人が心身の機能を回復し、日常生活や社会に復帰できるよう作…
JT0169,169,言語聴覚士,ことばによるコミュニケーションや嚥下（えんげ）に困難を抱える人を対象に、問題の…
JT0170,170,視能訓練士,眼科医の指導のもと、患者の目の機能を検査し、視力や目の機能を訓練によって回復さ…
JT0171,171,栄養士,病院、社会福祉施設、企業、学校、行政機関などで、栄養に関する指導・助言や食事の…
JT0172,172,あんまマッサージ指圧師,体の痛みやこりなどの症状を訴える人に対して、指圧・マッサージにより身体のこりを…
JT0173,173,柔道整復師,打撲、捻挫、脱臼、骨折などの各種損傷に対して、手を用いた応急的または医療補助的…
JT0174,174,診療情報管理士,診療録を点検・保管・管理し、そこから精度の高いデータ、情報を収集、加工、分析し…
JT0175,175,はり師・きゅう師,東洋医学や現代医学に基づき、患者の症状の改善のためにはりやきゅうでツボを刺激す…
JT0176,176,義肢装具士,医師の指示の下に、身体の一部や機能を失った人が使う義肢や装具を製作するため、装…
JT0178,178,幼稚園教員,小学校に上がる前の幼児が通う幼稚園での生活全体を通して、子どもたちの心身の発達…
JT0179,179,小学校教員,小学校で、一つの学級の担任として、すべての教科を教え、児童を指導する。
JT0180,180,中学校教員,中学生に専門の教科を教え、学級の担任として生徒を指導する。
JT0181,181,専門学校教員,高校以上の学校を卒業した人に対して専門的な技術を教育したり、実務的な職業教育を…
JT0182,182,図書館司書,図書館や資料室で資料を収集・整理・保存し、資料や情報を提供したり、情報を求める…
JT0183,183,高等学校教員,高校生に専門の教科を教え、学級の担任として生徒を指導する。
JT0184,184,大学・短期大学教員,大学・短期大学で、各自の専門分野について学生を教育し、また、基礎研究や先端研究…
JT0185,185,学芸員,学芸員資格を持った専門職員として、博物館や美術館などで、歴史、芸術、民俗、産業…
JT0186,186,路線バス運転士,路線バスを運転し、安全にかつ運行時刻を守って乗客を目的地まで運ぶ。
JT0187,187,観光バス運転士,定期観光バスや、修学旅行やツアーなど団体旅行のための貸切観光バスを運転する。
JT0188,188,タクシー運転手,乗客を希望する目的地まで安全に輸送し、料金メーターに表示された運賃を受け取る。
JT0189,189,パイロット,乗客や貨物を運ぶ国内・国際路線の航空機を操縦したり、写真撮影、遊覧飛行、航空測…
JT0190,190,航海士,船の総責任者である船長を助け、甲板部員を指揮し、航海計画に基づいて航海や荷役に…
JT0191,191,船舶機関士,船舶の機関部で機関員を指揮しながら、エンジン（主機関）、発電機、ボイラー、その…
JT0192,192,電車運転士,乗客や貨物をのせた電車を運転し、安全かつ正確に目的地まで運ぶため、発車の準備、…
JT0193,193,鉄道車掌,列車に乗務し、乗客が目的地まで安全・快適に乗車できるよう各種のサービスを行う。
JT0194,194,空港グランドスタッフ,空港での旅客の搭乗手続（カウンター業務）と、飛行機への搭乗の案内・誘導（ゲート…
JT0195,195,駅務員,鉄道の駅で切符の出札・改札・集札、乗り越し運賃の精算、ICカード関連のサービス…
JT0196,196,鉄道運転計画・運行管理,社会経済動向や鉄道会社の経営方針を踏まえ、列車の運転計画を立て、列車ダイヤを作…
JT0197,197,自動車整備士,自動車の走行の安全確保、有害排出ガスや騒音の抑制などの環境保全のために、専門的…
JT0198,198,ガソリンスタンド・スタッフ,ガソリンスタンドにおいて、ガソリン・軽油や灯油の販売を行う。
JT0199,199,道路パトロール隊員,自動車が高速道路等を安全かつ円滑に走行できるように道路をパトロールすることで、…
JT0200,200,タクシー配車オペレーター,タクシー会社で利用客からの電話を受け、無線設備や車両検索用端末、電話機など通信…
JT0201,201,引越作業員,転居や移転などの時に、家財道具などを運び出し、転居先へ輸送し、再びセッティング…
JT0202,202,通関士,通関業者に所属し、貨物の輸出入の際の手続の専門家として、法令に基づき税関に提出…
JT0203,203,航空管制官,航空機相互間や航空機と他の車両などの間に安全な間隔を保ち、効率的な交通流を形成…
JT0204,204,ディスパッチャー（航空機運航管理者）,目的地までの航空機運航に関わる情報を分析し、飛行計画を作成するほか、運行状況を…
JT0205,205,客室乗務員,乗客が安全で快適に旅行ができるように、航空機内で乗客の世話など様々なサービスや…
JT0206,206,航空整備士,航空機を構成する機体・エンジン・装備品が所定の強度や精度を保ち、正しく機能する…
JT0207,207,船員,国内航路におけるカーフェリー、貨物船、観光船、外国航路におけるタンカー、コンテ…
JT0208,208,新聞記者,様々なニュースを多くの人々に知らせるために、公正な立場で取材を進め、新聞に載せ…
JT0209,209,雑誌記者,雑誌のコンセプトにあったテーマについて取材し、原稿を執筆する。
JT0210,210,図書編集者,様々な本（書籍）を発行する出版社で本をつくるための企画書の作成や原稿の整理・編…
JT0211,211,雑誌編集者,出版社の雑誌編集部や編集プロダクションにおいて、雑誌の企画や編集の作業に携わる。
JT0212,212,テレビ・ラジオ放送技術者,テレビやラジオの放送にあたって、映像や音声を用いて番組やCMを制作し、スケジュ…
JT0213,213,録音エンジニア,音楽コンテンツ等を制作するために録音作業を行う。
JT0214,214,映像編集者,テレビ局や映像プロダクション等で、監督（ディレクター）と協力して、編集機器を使…
JT0215,215,放送記者,記者クラブに常駐して日々の動きや事件の情報を収集したり、事件や活動の現場に行っ…
JT0216,216,アナウンサー,テレビやラジオの番組などで、必要な情報を伝えたり、司会などを行う。
JT0217,217,放送ディレクター,テレビやラジオの様々な番組を作るために、現場で出演者や撮影・照明・音声などのス…
JT0218,218,厩舎スタッフ,競走馬の調教や飼養管理を行い、出走体制の整った馬を競走に出走させる。
JT0219,219,アウトドアインストラクター,キャンプや、自然保護や環境教育を目的とした野外活動等を通じて、自然との関わり方…
JT0220,220,動物園飼育員,動物園で動物の飼育や繁殖のために様々な作業を行う。
JT0221,221,農業技術者,農業分野において、自然科学や社会科学の様々な知識や技術を活用し、技術開発、技術…
JT0222,222,造園工,"日本庭園や集合住宅等の緑地を設計し又は設計図により工事を指揮監督するとともに,…"
JT0223,223,獣医師,犬や猫などのペット、牛や馬などの家畜鶏などの家きんについて、病気や傷の治療、出…
JT0224,224,水族館飼育員,水族館において魚類や海獣類などを中心とする水生生物を飼育し、餌を与えたり水槽の…
JT0225,225,調教師,馬主から預かった競走馬を管理するため、事業主として厩舎を持ち、厩舎スタッフ（調…
JT0226,226,犬訓練士,犬の特性や嗅覚などの能力を活用するために専門的な訓練を行うほか、家庭用の犬のし…
JT0227,227,トリマー,飼い犬や猫などのペットの毛を洗ったり整えるなど手入れ全般を行う。
JT0228,228,水産技術者,水産試験場や養殖場などにおいて、漁業技術、水産資源の管理、漁場環境の改善などの…
JT0229,229,林業技術者,林業試験場などにおいて、樹木の育成、森林の生育環境、樹木の伐採方法など林業技術…
JT0230,230,林業作業,森林の整備や林業のための地ごしらえ、植付け、下刈り、枝打、伐木、造材、集材、運…
JT0231,231,産業用ロボット開発技術者,企業、研究機関などで産業用ロボットの研究開発をする。
JT0232,232,産業用ロボットの設置・設定,工場などの生産ラインに産業用ロボットを設置し稼働させるための機械の据え付け調整…
JT0233,233,産業用ロボットの保守・メンテナンス,工場などの生産ラインで産業用ロボットの保守やメンテナンス、また必要に応じて修理…
JT0234,234,太陽光発電の企画・調査,太陽光発電の設置場所、設備等を企画し、必要な調査を行う。
JT0235,235,太陽光発電の設計・施工,太陽光発電の装置、建造物等を設計し、工事の施工を管理する。
JT0236,236,太陽光発電のメンテナンス,太陽光発電設備の定期点検や稼働状況の監視などを行う。
JT0237,237,フォークリフト運転作業員,倉庫、工場等でフォークリフトを運転して荷物の運搬や、積み卸しを行う。
JT0238,238,ネット通販の企画開発,ネット通販事業において、既存の商品の収益性を高めるための企画の立案、新たな商品…
JT0239,239,ネット通販の運営,ネット通販事業において、Webサイトや商品の管理、受注・発注の処理や、顧客への…
JT0240,240,Webマーケティング（ネット広告・販売促進）,WebサイトやWeb技術を利用してマーケティングを行う。
JT0241,241,施設警備員,警備会社に雇用され、顧客の事務所や工場、商業施設などに常駐等又は巡回により、事…
JT0242,242,学童保育指導員,保護者が就労などで日中家庭にいない小学生を対象に、放課後や土曜日、春・夏・冬休…
JT0243,243,児童指導員,家庭環境上養護を必要とする子どもが入所する施設等で、子どもたちの育成、生活指導…
JT0244,244,障害者福祉施設指導専門員（生活支援員、就労支援員等）,障害者福祉施設に入所又は通所している利用者が快適で自立した生活ができるように、…
JT0245,245,老人福祉施設生活相談員,老人福祉施設に入所あるいは通所している利用者が、快適に、可能な範囲で自立的に日…
JT0246,246,看護助手,看護チームの一員として、看護師等の指示の下に、看護の専門的判断を要しない看護補…
JT0247,247,植物工場の研究開発,植物工場で生産する野菜等の植物やその栽培方法等について研究・開発を行う。
JT0248,248,植物工場の設計、施工,自社又は企業、農業法人、農家からの依頼を受けて、植物工場の設計、施工を行う。
JT0249,249,植物工場の栽培管理,植物工場内で野菜等の栽培、管理、収穫を行う。
JT0250,250,起業、創業,自分で新しく事業を計画し、資金を調達し、企業として存続させる。
JT0251,251,鋳造工/鋳造設備オペレーター,金属を溶かして鋳型に注ぎ込み、冷えて固まった後で鋳型から取り出し、目的に応じた…
JT0252,252,鍛造工/鍛造設備オペレーター,加熱したまたは常温の、鋼、アルミニウム、ステンレス等の金属素材を鍛造機で加圧成…
JT0253,253,金型工,工作機械を操作して大量生産の部品を作るための金型を製作する。
JT0254,254,金属プレス工,プレス機械に製品の原型となる金型を取り付け、金属板に必要に応じて圧力を加え、様…
JT0255,255,溶接工,熱を利用して金属材料を接合する溶接を行う。
JT0256,256,NC工作機械オペレーター,コンピューターによる数値制御（NC）によりNC工作機械を操作して金属材料を切削…
JT0257,257,めっき工,金属、プラスチック、セラミックスなどの表面を薄い金属の被膜で覆う「めっき」を行…
JT0258,258,非鉄金属製錬技術者,非鉄金属の製錬技術の開発・改良及び現場作業員を監督する立場での生産工程の管理を…
JT0259,259,鉄鋼製造オペレーター,鉄鉱石や石炭等の原料から鉄鋼製品を製造するため、生産設備を運転・監視する。
JT0260,260,非破壊検査技術者,金属材料、機械の部品、金属の溶接部、構造物などを、分解したり破壊したりせずにそ…
JT0261,261,電子機器組立,パソコン、携帯電話、ゲーム機、テレビ等の電子機器を組み立てる。
JT0262,262,機械設計技術者,市場の様々なニーズに応え、最新の技術を駆使して、機械製品を開発・設計する。
JT0263,263,光学機器組立,望遠鏡、顕微鏡、カメラ、測定機器などの光学機器を組み立てる。
JT0264,264,自動車組立,自動車のボディ（車体）にドアやエンジンなどを組み付けて、完成車を組み立てる。
JT0265,265,生産用機械組立,受注した特注の単品や多品種少量製品の生産用機械を、提供された設計図に基づいて組…
JT0266,266,計器組立,長さ、質量、温度、圧力、流量、体積などの量を表示、指示、記録する器具である計器…
JT0267,267,半導体技術者,半導体の製造プロセスの開発を行ったり、半導体デバイスの設計開発を行う。
JT0268,268,半導体製造,半導体の製造工程で設備、装置、機械を操作、監視し半導体を製造する。
JT0269,269,物流設備管理・保全,自動化、大型化が進む物流倉庫の設備の管理・保全を行う。
JT0270,270,自動車技術者,自動車製造に関する企画、設計・開発、実験、生産ラインにおける工程の管理と生産従…
JT0271,271,精密機器技術者,精密測定機器、光学機器、医療用機器など高い精度が要求される機械の研究開発、設計…
JT0272,272,電気技術者,電気設備や機器の技術開発や改良、安全な運転のための保守・管理、更新工事などをす…
JT0273,273,電子機器技術者,携帯電話、テレビ、パソコンから産業用の各種機器・装置等までの電子機器の開発、設…
JT0274,274,電気通信技術者,電気通信のインフラ（ネットワークの基盤）の構築と維持・運用を行う。
JT0275,275,家電修理,家庭用の洗濯機、エアコン、テレビなどの家電製品に故障などの不具合が発生したとき…
JT0276,276,プラント設計技術者,プラントの基本設計、詳細設計等を行う。
JT0277,277,医療用画像機器組立,診断用Ｘ線装置、Ｘ線ＣＴ装置、磁気共鳴画像診断装置（MRI）、超音波画像診断装…
JT0278,278,織布工/織機オペレーター,織機の運転や監視を行って織物を製造する。
JT0279,279,染色工/染色設備オペレーター,各種の染料、薬品などを用いて、機械装置により、糸や織編物（おりあみもの）に染色…
JT0280,280,ミシン縫製,ミシンを使って布地などの素材を縫い合わせ、衣服などの製品を完成させる。
JT0281,281,木材製造,製材工場、製材所において、国内で生産された原木や海外から輸入された原木を、用途…
JT0282,282,合板製造,原料となる木から板を薄くはいで単板とし、これを組み合わせて接着剤で圧着して合板…
JT0283,283,家具製造,木材の切断、加工、組立、塗装、金具の取り付けなどの諸工程の作業を行い、木製家具…
JT0284,284,紡織設備管理・保全,紡績業・織布業の生産工場で、機械設備の整備・修理等の保全作業に従事する。
JT0285,285,紙器製造,印刷箱、貼箱、簡易箱、段ボール箱といった紙箱を製造する。
JT0286,286,紡績機械オペレーター,紡績機を操作し、短繊維を加工して精製した長い糸をつくる。
JT0287,287,建具製造,戸・襖（ふすま）・障子（しょうじ）などの木製建具（たてぐ）を製造し、取り付ける。
JT0288,288,食品技術者,加工食品の開発、生産工程や品質の管理などを行う。
JT0289,289,靴製造,皮革靴のデザイン、設計、パーツの型づくり、皮革の裁断、縫製、釣り込み・底付け、…
JT0290,290,かばん・袋物製造,天然皮革、合成皮革、布などの材料を加工して、かばん、バッグや財布、名刺入れなど…
JT0291,291,漆器製造,食器、工芸品、家具調度品、仏具などの漆器（しっき）を製造する。
JT0292,292,貴金属装身具製作,金やプラチナなどの素材を使い、ダイヤモンドやルビー等の宝石類をあしらって美しい…
JT0295,295,医薬品製造,製薬工場において製造ラインを運転し、医薬品を製造する。
JT0296,296,生産・品質管理技術者,製品の生産について具体的な生産計画を立案し、生産工程や品質の管理を行う。
JT0297,297,タイヤ製造,ゴム、繊維・スチールワイヤなど様々な部材を組み合わせて大小各種のタイヤを製造す…
JT0298,298,化粧品製造,化粧水、ファンデーション、口紅など各種の化粧品を製造する。
JT0299,299,石油精製オペレーター,原油を処理して各種石油製品を製造するための精製装置を運転・制御する。
JT0300,300,化学製品製造オペレーター,化学工場で各種装置を運転・制御して合成樹脂、化学肥料、化学繊維、洗剤、塗料など…
JT0301,301,原子力技術者,核燃料サイクルの各分野をカバーして、原子炉やプラントに関連する機器の設計、製作…
JT0302,302,発電所運転管理,火力、水力、地熱、原子力、太陽光、風力、バイオマスなど各種の発電所等において、…
JT0303,303,分析化学技術者,物質に含まれる成分やその量などを知るため、化学反応を用いた分析や分析機器を用い…
JT0304,304,陶磁器技術者,陶磁器製品の開発、製造工程や品質の管理を行う。
JT0305,305,ファインセラミックス製造技術者,ファインセラミックス製品の開発、製造工程や品質の管理を行う。
JT0306,306,石工,石材の切り出しや加工等を行う。
JT0307,307,花火師,花火大会などで打ち揚げられる美しく大きな花火を製作し、打ち揚げる。
JT0308,308,高分子化学技術者,プラスチック、化学繊維などの高分子材料や高分子の合成などの研究開発、製品化技術…
JT0309,309,バイオテクノロジー技術者,生物を利用して有用な物質を作り出す研究や開発を行い、生産工程で技術的な指導等を…
JT0310,310,宇宙開発技術者,宇宙開発にかかわる研究開発、衛星や打上げロケットなどの開発、設計、製作、運用等…
JT0311,311,航空機開発エンジニア（ジェットエンジン）,航空機のジェットエンジンを研究開発する。
JT0312,312,システムエンジニア（受託開発）,顧客の情報システムの開発を受託し、ソフトウェアを開発する。
JT0313,313,プログラマー,システム開発において、システムエンジニア（SE）が作成した詳細設計に基づきプロ…
JT0314,314,システムエンジニア（Webサービス開発）,Webサービスをチームで設計し、開発する。
JT0315,315,システムエンジニア（組込み、IoT）,各種の製品や装置に組み込まれた、制御のための小型コンピュータ（マイコン： mi…
JT0316,316,ソフトウェア開発（パッケージソフト）,パソコンにインストールするパッケージソフトを企画・開発する。
JT0317,317,ソフトウェア開発（スマホアプリ）,スマートフォンで利用するアプリをチームで開発する。
JT0318,318,システムエンジニア（基盤システム）,ITインフラ（情報システムのインフラ：基盤システム）を設計、開発する。
JT0319,319,運用・管理（IT）,サーバー等情報システムがトラブルや不具合で停止することなく安定して稼働するよう…
JT0320,320,ヘルプデスク（IT）,システムや情報機器などを使用している時に生じる疑問やトラブル等の利用者からの問…
JT0321,321,セキュリティエキスパート（オペレーション）,情報システムや情報ネットワークを常に監視し、攻撃や不正なアクセスから守り、攻撃…
JT0322,322,プロジェクトマネージャ（IT）,IT分野での開発を行うプロジェクトチームの責任者として、プロジェクト実行計画の…
JT0323,323,データサイエンティスト,新たな商品やサービスの開発や業務プロセスの革新のため、大量に蓄積されたデータ（…
JT0324,324,DXプロデューサー,IT（情報技術）を含むデジタルの技術によって社会やビジネスの変革を目指す。
JT0325,325,AIエンジニア,AI（人工知能）の様々な分野での活用に関して研究開発を行う。
JT0326,326,Webデザイナー（Web制作会社）,企業、学校、官公庁などがインターネット上に設けたWebサイトの企画・デザイン等…
JT0327,327,Webディレクター（Web制作会社）,Webサイトの構築にあたってプロジェクトの受注からサイトの企画・設計、制作進行…
JT0328,328,動画制作,動画を撮影し作品として制作する。
JT0329,329,CG制作,コンピュータのグラフィックス機能を用いて、CGによる静止画や動画を作成する。
JT0330,330,ゲームクリエーター,スマートフォン、家庭用ゲーム機、パソコン等のゲームソフト（アプリ）を制作する。
JT0331,331,アートディレクター,広告などを制作するにあたり、ビジュアルデザインを中心にとりまとめを行う。
JT0332,332,広告デザイナー,広告会社等において、テレビCMやポスター、新聞や雑誌、Webなど様々な媒体の広…
JT0333,333,広告ディレクター,広告会社等において、広告デザイナー、コピーライター、CMプランナー等の制作メン…
JT0334,334,グラフィックデザイナー,広告、出版物、商品パッケージ、シンボルマークなどのデザインやイメージを、魅力的…
JT0335,335,コピーライター,商品やサービスの特徴を要領よく適切に文章化し、広告や宣伝などに使用されるコピー…
JT0336,336,ディスプレイデザイナー,販売促進や雰囲気作りのため、店舗等のディスプレイをデザインする。
JT0337,337,インテリアデザイナー,住宅、オフィス、ホテル、旅館、店舗などの室内装飾のデザインを行う。
JT0338,338,インテリアコーディネーター,住む人や使う人に合った、快適で暮らしやすい住空間づくりのために、既存の内装材、…
JT0339,339,カラーコーディネーター,様々な用途や目的に合わせて、商品、空間・環境などに関して色彩や配色を検討し、決…
JT0340,340,ファッションデザイナー,時代の流行や変化を読み、人々の要望に応えられるような衣服をデザインする。
JT0341,341,パタンナー,デザイナーが描いたイメージやデザイン画をもとに、服づくりの設計図である型紙（パ…
JT0342,342,イラストレーター,広告会社、出版会社、印刷会社などからの依頼を受けて、制作目的に沿ったイラストを…
JT0343,343,アニメーター,アニメーション制作という共同作業の中で、絵を描き、映像に動きを与える。
JT0344,344,看板制作,街頭に設置される立て看板からビルの屋上に設置される大型の看板等まで、様々な種類…
JT0345,345,テクニカルイラストレーター,工業製品の取扱説明書（マニュアル）等の中で、操作説明などを視覚的に行うために、…
JT0346,346,スタイリスト,テレビの番組、映画や雑誌、広告の写真などの撮影のために、俳優やモデルの衣装や小…
JT0347,347,ブックデザイナー,本の作者の意図に沿って、自身のセンスや表現力により、本の表紙やカバーをデザイン…
JT0348,348,テキスタイルデザイナー,生活や産業の中で使われている繊維（テキスタイル）製品をデザインする。
JT0349,349,フラワーデザイナー,ディスプレイ用やプレゼントに使われる、生花を中心とした装飾作品を制作する。
JT0350,350,ジュエリーデザイナー,指輪、ネックレス、ブローチ、イヤリングなど、｢身を飾る装身具｣をデザインする。
JT0351,351,フードコーディネーター,食に関する幅広い知識に基づき、料理人、栄養士、商品開発者、店舗設計の建築士など…
JT0352,352,舞台美術スタッフ,演劇、オペラ、バレエ、ショーなど様々な舞台芸術が上演されるステージを構成する舞…
JT0353,353,舞台照明スタッフ,劇場などのホールで上演される演劇やコンサート、イベント会場のステージなどで照明…
JT0354,354,インダストリアルデザイナー,自動車、家電製品、情報機器、カメラなどの様々な製品の形状や色彩、スタイルなどを…
JT0355,355,商業カメラマン,依頼者の要望を受けて、主に広告・宣伝用に、特定の人物や商品、自然や風景などの写…
JT0356,356,テレビカメラマン,テレビで放送する映像をテレビカメラで撮影する。
JT0357,357,報道カメラマン,新聞や雑誌、インターネットなどの媒体に掲載するため、事件や事故、災害などの現場…
JT0358,358,テクニカルライター,家電、情報機器、自動車などに添付されるマニュアル（取扱説明書）を制作する。
JT0359,359,製版オペレーター、DTPオペレーター,印刷物の制作過程において、仕様に基づいて印刷物の紙面の割り付け作業を行い、印刷…
JT0360,360,印刷オペレーター,印刷機を操作して、紙などの素材に印刷する。
JT0361,361,製本オペレーター,印刷所で印刷された本文、表紙、カバー、扉、帯などの印刷物を組み合わせて、本や冊…
JT0362,362,ITコンサルタント,顧客のIT戦略に関して、コンサルティングを行い、提案、助言する。
JT0363,363,広報コンサルタント,広告会社等に所属し、企業や団体などの広報活動について、目的や課題を分析し戦略を…
JT0364,364,人事コンサルタント,コンサルティング会社等において組織や人材に関してコンサルティングを行う。
JT0365,365,知的財産コーディネーター,特許、実用新案、商標、意匠など知的財産の出願と権利化を行う。
JT0366,366,知的財産サーチャー,企業の知的財産関係部署や特許調査会社などで、既存の特許や商標など知的財産に関す…
JT0388,388,土木・建築工学研究者,道路や橋などを造る土木工学やビルなどを建てる建築工学について、基礎的な分野から…
JT0389,389,情報工学研究者,コンピュータや情報機器等に関する研究を行う。
JT0390,390,医学研究者,医師として臨床業務に従事しながら、又は大学医学部や研究機関において研究専従で、…
JT0391,391,科学捜査研究所鑑定技術職員,化学、物理、法医学等の専門知識を踏まえ、科学的な見地から犯罪捜査に関わる鑑定や…
JT0392,392,薬学研究者,製薬会社等の研究部門において、新しい医薬品を開発するための研究開発を行う。
JT0393,393,バイオテクノロジー研究者,生物のもつ遺伝子情報などを解明し、その成果を応用する技術（バイオテクノロジー）…
JT0394,394,エコノミスト,日々変化する経済状況について調査・研究を行い、分析結果やそれに基づく将来の予測…
JT0395,395,特別支援学校教員、特別支援学級教員,障害のある幼児・児童・生徒が通う特別支援学校、特別支援学級の教員として指導にあ…
JT0396,396,学習塾教師,民間の教育機関である学習塾において、小学生、中学生、高校生等を対象に学習指導を…
JT0397,397,日本語教師,学校や自宅などで外国人の学生に日本語の会話や読み書きを教える。
JT0398,398,英会話教師,英会話を中心に、海外でも国内でも実際に役に立つ英語を教える。
JT0399,399,職業訓練指導員,公共職業能力開発施設や、認定職業訓練施設などにおいて、訓練生に対して、技能や技…
JT0400,400,社会教育主事,都道府県や市区町村教育委員会の事務局等において、地域の社会教育行政の企画・実施…
JT0401,401,救急救命士,現場及び病院への搬送の途中、救急車などの中で、救護行為を行う。
JT0402,402,外科医,主に手術等により、患者の病気や外傷の治療を行う。
JT0403,403,小児科医,乳幼児や小児の傷病について、診断や治療を行うとともに、予防的生活指導をする。
JT0404,404,内科医,内臓、神経、血液等の病気について診断し、薬物治療、食事療法などにより治療を行う。
JT0405,405,精神科医,統合失調症、うつ病、ストレス障害、不眠症、アルコールや薬物の依存症などの治療を…
JT0406,406,産婦人科医,妊娠や出産に関する医療、女性特有の疾患の診断、治療を行う。
JT0407,407,治験コーディネーター,治験が円滑に行われるよう準備、調整、運営の支援を行う。
JT0408,408,医療ソーシャルワーカー,保健医療機関等において患者や家族の相談に乗り、社会福祉の立場から経済的・心理的…
JT0409,409,福祉ソーシャルワーカー,福祉等に関する専門知識を活かし、社会生活に困難がある人々の相談に乗ったり、社会…
JT0410,410,施設管理者（介護施設）,責任者として、介護施設の管理・運営を担う。
JT0411,411,カウンセラー（医療福祉分野）,臨床心理に関する専門知識を活かし、カウンセリング等により、心や対人関係などの悩…
JT0412,412,スクールカウンセラー,臨床心理に関する専門知識を活かし、学校現場で、児童や生徒及び保護者、教職員に相…
JT0413,413,ベビーシッター,個人宅等へ出向き、子供を預かり保育や世話をする。
JT0414,414,フロント（ホテル・旅館）,ホテルや旅館のフロントで、宿泊の手続きから部屋の割り振り、伝言等の取り次ぎ、観…
JT0415,415,客室清掃・整備担当（ホテル・旅館）,ホテルや旅館に滞在する宿泊客等が快適に過ごせるように、ベッドメイキング、浴室・…
JT0416,416,接客担当（ホテル・旅館）,ホテルや旅館に滞在する宿泊客等が快適に過ごせるように荷物の運搬、問い合わせへの…
JT0417,417,ホールスタッフ（レストラン）,外食店舗、特にレストラン等で来店するお客と直接接し、料理やサービスを提供する。
JT0418,418,飲食チェーン店店員,飲食チェーン店において、接客や厨房での調理を行う。
JT0419,419,調香師,香水、化粧品、ボディソープなどのパーソナルケアから、液体洗剤、柔軟剤、芳香剤な…
JT0420,420,アロマセラピスト,美と健康の維持・増進を目的に、精油の専門知識に基づき、顧客に精油をブレンドした…
JT0421,421,リフレクソロジスト,主に手指を用いてお客の足の裏や手、耳を刺激する施術を行い、健康を維持し、疲労回…
JT0422,422,葬祭ディレクター,葬儀の企画から会場設営、儀式の運営・司会・進行などを行う。
JT0423,423,きもの着付指導員,日本の伝統文化であるきものの着付け技術や知識を教える。
JT0424,424,速記者、音声反訳者,議会、裁判、会議、講演、座談会などに赴き、速記符号や録音によって記録した後、パ…
JT0425,425,パラリーガル（弁護士補助職）,弁護士の指示・監督のもとで主に限定された法律業務を行う。
JT0426,426,秘書,企業や団体の社長、役員などの幹部が職務に専念できるように、幹部を補佐する様々な…
JT0427,427,受付事務,企業や団体等の受付において来客を出迎えて応対し、訪問目的を的確に把握して、担当…
JT0428,428,一般事務,特定の分野の事務を専門的に行うものではなく、様々な定型的な事務の仕事を行う。
JT0429,429,データ入力,文字や数値といったデータを、キーボードやテンキー等を用いてコンピュータに入力し…
JT0430,430,経理事務,経理・会計管理のソフトウェア、システム等を使い、社外との取引に伴う入出金、社内…
JT0431,431,営業事務,営業担当からの指示を受けて資料や見積書を作成したり、クライアント対応や管理業務…
JT0432,432,人事事務,採用から退職までの従業員の人事管理に関わる事務を行う。
JT0433,433,総務事務,文書の分類・整理・保管、固定資産の管理、株式関連、株主総会・取締役会の準備・運…
JT0434,434,企画・調査担当,新製品や新サービスの設計・開発のため、市場調査や企画の立案・設計をする。
JT0435,435,調剤薬局事務,医師の指定した薬を買い求めに来店する患者の処方箋を受け付け、レセコンに入力する…
JT0436,436,介護事務,介護報酬請求事務（レセプト作成）を中心に介護施設の事務全般を担当する。
JT0437,437,生産・工程管理事務,生産・工程管理をする上で生じるデータ入力や書類作成など事務作業を行う。
JT0438,438,銀行等窓口事務,銀行、信用金庫、信用組合等の金融機関の窓口で口座への入出金や送金、両替などの業…
JT0439,439,貿易事務,原材料や商品の輸出・輸入といった海外との取引を行う際に、営業部門と連携しながら…
JT0440,440,損害保険事務,自動車事故による物的損害や死傷災害、火災や台風等による建物や家財への損害が生じ…
JT0441,441,通信販売受付事務,カタログやWebサイトなどで商品を見つけた顧客からの商品やサービスについての問…
JT0442,442,学校事務,学校において、教育と関連活動が円滑に行われるように、必要な事務を行う。
JT0443,443,医療事務,医療機関において、診療報酬を請求するための書類の作成を行ったり、窓口において、…
JT0444,444,広報・PR担当,企業や団体の広報活動の窓口として、経営理念や営業方針、営業活動、社会的責任（C…
JT0445,445,IR広報担当,上場企業において、その企業の経営に関する事項をアナリストや投資家に対して提供す…
JT0446,446,企業法務担当,企業活動に伴う法的リスクの最小化など、企業が直面する法律問題への対処を担当する。
JT0447,447,コンプライアンス推進担当,企業の不正行為の発生を未然に防止するため、企業内のコンプライアンスの推進体制を…
JT0448,448,医薬品販売/登録販売者,薬局、ドラッグストア等で市販されている医薬品を販売する。
JT0449,449,リサイクルショップ店員,持ち込まれた商品を査定の上、買い取り、必要な修理等を行い店頭で販売する。
JT0450,450,携帯電話販売,携帯電話（スマートフォンを含む）、タブレット、周辺商品・機器の販売や各種契約を…
JT0451,451,CDショップ店員,CDやDVDなどの音楽や映像ソフトを販売するCDショップで、仕入れ、展示・陳列…
JT0452,452,コンサルティング営業（IT）,顧客の方針と課題を確認し、その解決策として情報システムや情報サービスを提案し、…
JT0453,453,保険営業（生命保険、損害保険）,一般家庭や会社を訪問し、個人のライフスタイルや家庭・生活環境に適合する保険商品…
JT0454,454,銀行・信用金庫渉外担当,銀行・信用金庫の本・支店の担当地域内の法人、個人事業主、個人顧客を訪問し、きめ…
JT0455,455,ディーラー,証券会社や銀行などで自社資金を使い、株式、債券、為替などの売買を行う。
JT0456,456,マーケティング・リサーチャー,消費者の好みや関心、他社や業界全体の動き、広告の効果や販売戦略など、依頼主が必…
JT0457,457,証券アナリスト,証券会社などの金融機関等において、企業や産業に関する様々な情報を入手し、投資の…
JT0461,461,商品企画開発（チェーンストア）,消費者のニーズを掴み、自社で取り扱う商品の幅を広げ、よく売れそうな商品を企画開…
JT0462,462,OA機器営業,コピー機、パソコンなどのOA機器を販売したり、レンタル契約を結ぶなどの営業活動…
JT0463,463,証券外務員,証券会社の営業員として、株式、債券、投資信託などの有価証券を投資家に提案し、売…
JT0464,464,化粧品販売/美容部員,化粧品販売会社からデパートやスーパー、小売店、ドラッグストア等に配置され、店頭…
JT0465,465,化粧品訪問販売,家庭や職場を訪問しながら、口紅、ファンデーション、化粧水、乳液などの化粧品を美…
JT0466,466,清涼飲料ルートセールス,ジュースなどの清涼飲料を販売店などに車で配達し、併せて営業活動を行う。
JT0467,467,自転車販売,お客の希望と使用目的を聞いて自転車を販売したり、持ち込まれた自転車の修理をする。
JT0468,468,アクチュアリー,数理の専門職として、確率論・統計学などの数理的手法を活用し、主として保険や年金…
JT0469,469,内部監査人,組織における内部統制の整備及び運用状況を調査、検討、評価し、その結果を組織トッ…
JT0470,470,ファンドマネージャー,投資信託会社、投資顧問会社、機関投資家等の資金運用機関において資金（ファンド）…
JT0471,471,M&Aマネージャー、M&Aコンサルタント/M&Aアドバイザー,法律、財務などの専門スキルを活用して、対象企業・事業の選定から、交渉、契約締結…
JT0472,472,代理店営業（保険会社）,保険会社の社員として、保険商品の販売・契約の代理・媒介を行う代理店に対して、商…
JT0473,473,マンション管理員,マンション管理会社の社員として、管理会社が分譲マンションの管理組合と結んだ管理…
JT0474,474,マンション管理フロント,マンション管理会社が管理するマンションの担当者として、管理組合運営の支援、建物…
JT0475,475,雑踏・交通誘導警備員,イベントやお祭りなどでの警備や誘導や、道路工事や建設現場、駐車場での交通整理を…
JT0476,476,ボイラーオペレーター,ボイラーを運転して蒸気や温水を発生させ、空調、自家発電用タービン、工場の各種加…
JT0477,477,トラックドライバー,トラックなどの貨物自動車を運転して貨物を輸送する。
JT0478,478,トレーラートラックドライバー,大量の荷物や特大品、重量品を輸送するトレーラーを運転する。
JT0479,479,ダンプカー運転手,ダンプカーを運転して、砂利や土砂を建設現場に搬入したり、各種資材を生産工場へ運…
JT0480,480,送迎バス等運転手,幼稚園、学校の生徒等、高齢者施設の利用者、企業や工場の従業員、ホテルの宿泊客な…
JT0481,481,介護タクシー運転手,介護を必要とする人が車椅子やストレッチャーでそのまま乗車できるように工夫された…
JT0482,482,ルート配送ドライバー,特定の日時とルートで、あらかじめ決まった店舗や事業所等に車両で荷物を配送する。
JT0483,483,宅配便配達員,担当する地域内で荷物の集荷・配達を行う業務のほか、営業活動や集金も行う。
JT0484,484,新聞配達員,購読契約をしている家庭や職場などに新聞を配達する。
JT0485,485,倉庫作業員,倉庫において、貨物・資材・荷物の搬入・搬出、積み卸し、開梱（こん）・詰め替えな…
JT0486,486,ピッキング作業員,倉庫や工場等に搬入された商品を、伝票又は指示書に従って取り集めや仕分けをし、搬…
JT0487,487,ハウスクリーニング,主にマンション、アパート、戸建等の空室や居住中の一般家庭を対象として、家屋及び…
JT0488,488,ペストコントロール従事者（害虫等防除・駆除従事者）,人間にとって有害な生物（害獣・害虫・細菌等）の防除・駆除を行う。
JT0489,489,製品包装作業員,製品を保護・保存するため、各種の材料を用いて包装する。
JT0490,490,工場労務作業員,工場内で原材料の搬入や製品・商品の搬出、各種機械の清掃や燃料の補給、廃棄物分別…
JT0491,491,バックヤード作業員（スーパー食品部門）,スーパーのバックヤードで主に食品のパッケージングや品出しなどの作業を行う。
JT0492,492,調理補助,調理場で調理師の指示に従って、食材の洗浄と切込み、食器の準備や洗浄、調理器具の…
JT0493,493,給食調理員,給食施設の調理場において献立表等に基づき、給食用料理を調理する。
JT0494,494,ごみ収集作業員,主に家庭から出る可燃ごみ・不燃ごみ等を収集し、廃棄物処理場等、所定の場所に運搬…
JT0495,495,産業廃棄物処理技術者,産業活動の過程で生じる産業廃棄物について、適正・安全な処理やリサイクルを行う方…
JT0496,496,産業廃棄物収集運搬作業員,建設現場、病院、工場などから出る産業廃棄物を集め、収集車で処分場まで運ぶ。
JT0497,497,積卸作業員,荷物を輸送する場合に、トラック、コンテナなどへの積み込み・取り卸し、倉庫への入…
JT0498,498,こん包作業員,輸送の目的のため、段ボール箱・木箱の組立、品物の箱詰・袋詰、テープ止め・バンド…
JT0499,499,港湾荷役作業員,港湾運送事業者に雇用されて、船と港でのコンテナなどの荷物の積み卸しや運搬の作業…
JT0500,500,ブリーダー,ペットや家畜などの動物の繁殖（ブリーディング）、飼育、販売を行う。
JT0501,501,自然保護官（レンジャー）,環境省地方環境事務所に所属して、国立公園等の自然保護地域の保全のほか、自然との…
JT0502,502,酪農従事者,乳牛を飼養し、牛乳やチーズなど乳製品の原料となる生乳を生産する。
JT0503,503,水産養殖従事者,主に食用の魚類・貝類・海藻類などの水産物を、人工的に管理・育成し出荷する。
JT0504,504,稲作農業者,水田で稲を栽培し、米を収穫して出荷する。
JT0505,505,ハウス野菜栽培者,様々な種類の野菜を、露地での生産ではなく、気象条件の影響を受けにくいガラス温室…
JT0506,506,果樹栽培者,露地の果樹園やビニールハウス等の施設、観光果樹園などで、果物を生産する。
JT0507,507,花き栽培者,観賞用の花や観葉植物などの「花卉（き）」を生産する。
JT0508,508,畜産技術者,育種繁殖、飼養技術、牧草・飼料作物や畜産物の生産技術を開発したり、新しい技術や…
JT0509,509,沿岸漁業従事者,比較的小さな漁船で主に日帰りで魚介類を獲る沿岸漁業に従事する。
JT0510,510,動物看護,動物病院などにおいて、獣医師の助手として、動物に対する診療の補助や世話を行う。
JT0511,511,ドローンパイロット,ドローンを操縦し、上空からの撮影、測量、点検、観察、捜索、農薬散布などを行う。
JT0512,512,国会議員,国民から選挙で選ばれて、国の最高議決機関である国会で、法律の制定、予算の議決と…
JT0513,513,国際協力専門家,国際協力の豊かな実務経験、リーダーシップ、人的ネットワーク等を基に、国際協力機…
JT0514,514,会社経営者,会社を運営し、最終的な経営責任を持つ。
JT0515,515,玩具（おもちゃ）製作,おもちゃの新商品や改良商品の発案、企画、設計、開発等を行う。または工場内で、一…
JT0516,516,法務技官（心理）（矯正心理専門職）,少年鑑別所や少年院、刑事施設などに勤務し、心理学の知識を生かして、非行・犯罪臨…
JT0517,517,入国審査官,外国人の出入国審査及び日本人の出帰国の確認、在留する外国人の在留審査、不法に滞…
JT0518,518,検察事務官,検察官を補佐し、又はその指揮の下、犯罪の捜査から裁判の遂行、そして刑の執行に至…
JT0519,519,労働基準監督官,労働条件の確保・向上と働く人の安全や健康の確保を図るため、法令に基づいて、さま…
JT0520,520,セキュリティエキスパート（脆弱性診断）,様々な情報システムについて、外部からの侵入や攻撃に対して弱点や問題点がないかを…
JT0521,521,特許審査官,特許庁に出願された発明を審査し、特許性を判断する。
JT0522,522,NPO法人職員（企画・運営）,社会の様々な課題を解決するため、営利を目的とせず社会貢献活動を行うNPO法人に…
JT0523,523,データエンジニア,膨大なデータを分析するためにデータの整理や管理を行ったり、複雑で大規模なデータ…
JT0524,524,独立系ファイナンシャル・アドバイザー（IFA）,顧客のライフプランやニーズに合った長期の資産形成のために、金融商品等の選定・運…
JT0525,525,タンクローリー乗務員,タンクローリーに乗務し、ガソリン等液体・高圧ガスなどを移送する。
JT0526,526,検査工（工業製品）,製造工程における工業製品の外観、品質、機能等が規格どおりであるか等瑕疵（かし）…
JT0527,527,食品営業（食品メーカー）,食品メーカーの工場で生産された自社の製品を取引先（顧客）の売り場で取り扱っても…
JT0528,528,自動運転開発エンジニア（自動車）,一般公道を走る自動車の自動運転に関する設計、開発、評価等を行う。
JT0529,529,医療機器開発技術者,医療機器メーカーで、医療現場で使用する医療機器の研究開発・設計を行う。
JT0530,530,臨床開発モニター,開発された新薬の有効性・安全性を確認するための治験実施の開始の準備、医療機関等…
JT0531,531,キッティング作業員（PCセットアップ作業員）,パソコンやタブレットなどの情報機器をユーザーがすぐに業務に使えるようセットアッ…
JT0532,532,フードデリバリー（料理配達員）,客の注文を受けた料理や飲料などを店舗から客先へ配達する。
JT0533,533,セキュリティエキスパート（デジタルフォレンジック）,コンピュータやネットワークの情報漏洩、情報改ざん、運用妨害等、また、これらに至…
JT0534,534,セキュリティエキスパート（情報セキュリティ監査）,コンピュータやネットワークに情報セキュリティ上の問題がないか客観的な立場から監…
JT0535,535,風力発電のメンテナンス,風力発電設備の点検、修理・補修を行う。
JT0536,536,総務課長,国・地方自治体・会社・社団法人・財団法人等の法人組織において、総務課（課相当を…
JT0537,537,人事課長,国・地方公共団体・会社・社団法人・財団法人等の法人組織において、人事課(課相当…
JT0538,538,経理課長,国・地方公共団体・会社・社団法人・財団法人等の法人組織において、経理課（課相当…
JT0539,539,営業課長,会社等において、営業課（課相当を含む）の業務を管理・監督する仕事に従事する。
JT0540,540,デバッグ作業,ソフトウェアの誤り（バグ）を見つけ修正する。
JT0541,541,ナレーター,映像やオーディオ作品、広告・広報、施設・車内案内などで音声により情報を伝える。
JT0542,542,出荷・受荷事務,資材・製品などの受け入れ・検品・保管・発送に関する事務を行う。
JT0543,543,郵便局郵便窓口業務,郵便局において、郵便物・荷物等の引き受け、切手・はがき等の販売などの郵便窓口の…
JT0544,544,マーチャンダイザー、バイヤー,店舗で扱う商品を検討し、売れる商品を仕入れる。販売戦略を考えたり、生産者と一緒…
JT0545,545,歯科助手,歯科診療所・病院において、治療器材の準備・片付けなどの診療の補助、外来患者の受…
JT0546,546,保育補助者,保育施設などで、主に保育士をサポートして、子どもたちの世話や保育を円滑に進める…
JT0547,547,造船技能者（造船工、船舶艤装工等）,鋼材などの資材から部品を切断・加工し、それらを接合して組み立て船体を制作し、必…
JT0548,548,検査工（食料品等）,食料品等の製造や加工処理の工程において、目視又は測定機器・検査装置により、製品…
JT0549,549,クレーン運転士,工業、倉庫、建設工事現場、港湾等で使用されているクレーンを運転して貨物・資材な…
JT0550,550,造船技術者（船舶の開発・設計）,造船会社において、顧客である船主の要求に応じた船舶の建造を計画し、船主と打ち合…
JT0551,551,バイオマス発電プラントの設計,バイオマス発電のプラントを設計する。
JT0552,552,UX/UIデザイナー,デジタルサービス（Webサイトや電子機器での情報提供と操作）の開発等において、…
JT0553,553,アニメ制作進行管理,アニメ制作の工程をスケジュールに沿って進めていくために、作画作業の割振り、作業…
JT0554,554,プロスポーツ運営団体職員（企画・運営）,野球、サッカー、バスケットボール、バレーボールなどのプロスポーツチーム運営団体…
JT0555,555,訪問介護のサービス提供責任者,訪問介護が適切に行われるよう、サービス内容の管理について必要な業務等を行う。
JT0556,556,障害者グループホーム世話人,障害者グループホームにおいて、障害のある利用者が地域において自立した生活を送る…
JT0557,557,汎用金属工作機械工（旋盤工、ボール盤工等）,旋盤やボール盤等、ハンドルやレバー等で操作する汎用工作機械での切削・研削等によ…
JT0558,558,自動車板金塗装,自動車のフレームの損傷やボディのへこみ・きずを修復し（板金作業）、修復箇所を塗…
JT0559,559,配電盤・制御盤等組立,主に機械器具・道具等を用いて、配電盤・制御盤・分電盤・監視制御装置等を組み立て…
JT0560,560,社会学研究者,社会の仕組みやさまざまな現象、動向について、人間が行う社会的な行為と関連付けて…
JT0561,561,鉄道車両の設計・開発,鉄道車両の製造においてチームで鉄道車両の設計・開発を行う。
JT0562,562,探偵,顧客の依頼を受けて調査対象者の所在又は行動についての情報を収集することを目的と…
JT0563,563,麻酔科医,主に手術時の麻酔管理を担当し、患者の全身状態を管理する。
JT0564,564,検疫官（看護師）,国際線の発着がある空港や港湾で、海外からの入国者・帰国者に対する検疫、感染症を…
JT0565,565,養護教諭,小学校、中学校、高等学校等の保健室を主な勤務場所として、学校保健活動の推進に関…
JT0566,566,イベントの企画・運営,イベントの企画・運営会社等において、主催者、スポンサー、出展者などの関係者と調…
JT0567,567,学校事務（私立大学）,大学の運営が円滑に行われるように、必要な事務を行う。
JT0568,568,児童発達支援管理責任者,児童発達支援や放課後等デイサービス等、障害のあるこどもに対して療育を行う現場に…
JT0569,569,納棺師,遺族が故人を安心して見送ることができるよう、遺体に処置を施して保全をし、身支度…
JT0570,570,耐震診断,建物、店舗、住宅等の耐震性能を診断し、必要に応じて補強や改修計画を提案する。
JT0571,571,作業環境測定士,有害な業務を行う屋内作業場その他の作業場において、有害物質（化学物質、粉じんな…
JT0572,572,下水道管路施設の点検・調査,下水道管路施設（下水道管やマンホールなど）を点検し、劣化や破損、詰まりなど異状…
JT0573,573,オーケストラ奏者（団員）,オーケストラにおいて自分が専門とする楽器を演奏する。また、ミュージカルやオペラ…
JT0574,574,ハローワーク職員,相談窓口において、求職者と求人企業を結びつける職業紹介や、職業訓練に関する相談…
JT0575,575,整形外科医,主に骨・軟骨・筋・靭帯・神経などから構成される運動器官の病気や怪我の診断・治療…
JT0576,576,衛生管理者,職場環境の改善や健康管理の取組みを通じて、労働者が健康で安全に働ける環境づくり…
JT0577,577,風力発電の企画・調査,風力発電に適した場所の選定、そこでの風力発電の企画・計画の検討、周辺環境への影…
JT0578,578,税関職員,税関職員は、空港や海港等で申告書類の審査や貨物検査を行い、社会悪物品（麻薬、銃…
JT0579,579,自動車検査員,指定整備工場において、自動車整備士によって整備された自動車が、国の定める保安基…
JT0580,580,障害福祉サービス管理責任者,障害福祉サービス事業所において、個々の利用者や家族のニーズに応じた自立のための…
JT0581,581,ブロックチェーン・エンジニア,ブロックチェーンを活用したシステムやアプリケーションの設計や開発、またブロック…
JT0582,582,声優,アニメやゲームの声、外国映画・ドラマの吹き替え、朗読、ナレーションなど、声によ…
JT0583,583,産業医,医師として、企業等において医学の知見を活かし、労働者が健康で快適に就労できるよ…
JT0584,584,3Dプリンター技術者,ものづくりの現場などにおいて、デジタルデータをもとに３Ｄプリンターを操作し、金…
